Ticker,Name,Type,Industry,12-1M_Mom,12-1M_FIP,LastMonth_Mom,LastMonth_FIP
DSTKF,DESTEK FINANS FAKTORING,Stock,FİNANSAL KİRALAMA VE FAKTORİNG,11.788695,-0.182927,0.558884,-0.733333
ALKLC,ALTINKILIC GIDA VE SUT,Stock,GIDA VE HAYVANCILIK,9.1378,-0.14,0.023297,0.066667
CRDFA,CREDITWEST FAKTORING,Stock,FİNANSAL KİRALAMA VE FAKTORİNG,8.993278,-0.036,0.095812,0.266667
HEDEF,HEDEF HOLDING,Stock,HOLDİNGLER,8.620069,-0.056,0.630322,-0.466667
KLRHO,KILER HOLDING,Stock,HOLDİNGLER,6.994696,-0.176,-0.255004,-0.133333
IEYHO,"ISIKLAR ENERJI YAPI HOL,",Stock,HOLDİNGLER,6.386369,-0.236,0.07692,-0.733333
PEKGY,PEKER GMYO,Stock,GYO,5.869137,-0.152,0.183199,-0.2
POLHO,POLISAN HOLDING,Stock,HOLDİNGLER,5.858338,0.04,-0.066965,-0.066667
PASEU,PASIFIK EURASIA LOJISTIK,Stock,ULAŞTIRMA - LOJİSTİK,4.570896,-0.096,-0.075404,0.333333
CMENT,CIMENTAS,Stock,ÇİMENTO,4.466665,0.164,0.034762,-0.333333
BURVA,BURCELIK VANA,Stock,İNŞAAT MALZEMELERİ,3.97907,-0.032,0.25639,-0.2
DITAS,DITAS DOGAN,Stock,OTOMOTİV PARÇASI,3.623124,-0.124,-0.051734,0.066667
ENSRI,ENSARI DERI,Stock,TEKSTİL,3.336641,-0.088,0.334307,-0.333333
CEMZY,CEM ZEYTIN,Stock,GIDA VE HAYVANCILIK,3.116545,-0.128,-0.103715,0.133333
ISKPL,ISIK PLASTIK,Stock,KİMYASAL ÜRÜNLER,3.114188,-0.14,0.034603,0.066667
KENT,KENT GIDA,Stock,SINIFLANDIRMA DIŞI,2.630555,0.176,-0.310271,-0.133333
BURCE,BURCELIK,Stock,DEMİR ÇELİK,2.604941,-0.048,-0.109746,-0.466667
GUNDG,GUNDOGDU GIDA,Stock,GIDA VE HAYVANCILIK,2.566701,-0.064,0.444696,-0.466667
BMSTL,BMS BIRLESIK METAL,Stock,DEMİR ÇELİK,2.447075,-0.108,-0.098781,0.133333
SNKRN,SENKRON SIBER GUVENLIK YAZILIM,Stock,DİĞER,2.412598,-0.012,0.0,0.0
CVKMD,CVK MADEN,Stock,MADENCİLİK,2.365566,-0.032,-0.143824,-0.2
BULGS,BULLS GSYO,Stock,GİRİŞİM SERMAYESİ,2.364342,-0.068085,-0.0075,-0.2
MMCAS,"MMC SAN, VE TIC, YAT,",Stock,ULAŞTIRMA - LOJİSTİK,2.251725,0.052,-0.18999,-0.2
UFUK,UFUK YATIRIM,Stock,HOLDİNGLER,2.04601,-0.028,0.130444,-0.066667
MOBTL,MOBILTEL ILETISIM,Stock,BİLGİSAYAR DONATIM,1.793189,0.032,0.056077,-0.466667
ECILC,ECZACIBASI ILAC,Stock,SAĞLIK VE İLAÇ,1.736895,-0.096,-0.011481,0.2
SMRVA,SUMER VARLIK YONETIM,Stock,BANKALAR,1.717807,-0.184,-0.06225,0.066667
BRMEN,BIRLIK MENSUCAT,Stock,TEKSTİL,1.677539,-0.04,-0.143279,-0.066667
TMPOL,TEMAPOL POLIMER PLASTIK,Stock,KİMYASAL ÜRÜNLER,1.65638,0.004,0.307907,-0.2
RALYH,RAL YATIRIM HOLDING,Stock,HOLDİNGLER,1.655977,-0.32,-0.195115,-0.466667
TGSAS,TGS DIS TICARET,Stock,PAZARLAMA,1.631792,0.14,0.190347,-0.066667
ASELS,ASELSAN,VIOP,SAVUNMA,1.483414,-0.052,0.032991,-0.066667
KGYO,KORAY GMYO,Stock,GYO,1.462477,-0.056,-0.011062,0.066667
GENTS,GENTAS,Stock,MOBİLYA,1.454927,0.064,-0.26199,-0.333333
AKSUE,AKSU ENERJI,Stock,ELEKTRİK,1.408646,0.084,-0.042116,-0.066667
GMTAS,GIMAT MAGAZACILIK,Stock,PERAKENDE,1.403919,-0.088,0.031664,-0.066667
IZENR,IZDEMIR ENERJI,Stock,ELEKTRİK,1.393056,-0.152,0.00625,-0.133333
TERA,TERA YATIRIM MENKUL DEGERLER,Stock,ARACI KURUMLAR,1.362895,-0.312,0.109983,-0.533333
KUYAS,KUYAS YATIRIM,Stock,İNŞAAT - TAAHHÜT,1.354027,-0.044,0.343709,-0.466667
MAKTK,MAKINA TAKIM,Stock,İNŞAAT MALZEMELERİ,1.342098,0.084,-0.069261,-0.2
BLCYT,BILICI YATIRIM,Stock,TEKSTİL,1.336174,-0.056,-0.1036,0.2
GEREL,GERSAN ELEKTRIK,Stock,KABLO,1.30215,0.052,0.004634,0.333333
KZBGY,KIZILBUK GYO,Stock,GYO,1.286713,-0.112,-0.735679,0.066667
AYES,AYES CELIK HASIR VE CIT,Stock,İNŞAAT MALZEMELERİ,1.286066,0.076,0.362892,-0.4
SKBNK,SEKERBANK,Stock,BANKALAR,1.274768,-0.056,0.200004,-0.333333
IHAAS,IHLAS HABER AJANSI,Stock,MEDYA,1.253586,0.028,-0.085659,-0.066667
ONCSM,ONCOSEM ONKOLOJIK SISTEMLER,Stock,SAĞLIK VE İLAÇ,1.248767,0.024,-0.063211,-0.266667
PSGYO,PASIFIK GMYO,Stock,GYO,1.241812,0.02,-0.087994,-0.133333
ISGSY,IS GIRISIM,Stock,GİRİŞİM SERMAYESİ,1.17647,-0.011765,0.426118,-0.466667
CEMAS,CEMAS DOKUM,Stock,DEMİR ÇELİK,1.117887,0.092,-0.015638,-0.2
BRKVY,BIRIKIM VARLIK YONETIM,Stock,BANKALAR,1.107556,0.04,-0.146841,-0.2
LIDFA,LIDER FAKTORING,Stock,FİNANSAL KİRALAMA VE FAKTORİNG,1.090911,-0.004,0.019302,-0.133333
IZFAS,IZMIR FIRCA,Stock,BOYA,1.080817,-0.464,-0.041001,-0.066667
EKIZ,EKIZ KIMYA,Stock,GIDA VE HAYVANCILIK,1.074415,0.036,-0.150337,-0.533333
ODINE,ODINE TEKNOLOJI,Stock,TEKNOLOJİ,1.056746,-0.048,0.506801,-0.2
ETYAT,"EURO TREND YAT, ORT,",Stock,YATIRIM ORTAKLIKLARI,1.0262,0.028,0.03501,0.066667
OZATD,OZATA DENIZCILIK,Stock,DİĞER,0.945596,-0.08,0.133824,0.066667
ARMGD,ARMADA GIDA,Stock,GIDA VE HAYVANCILIK,0.920642,-0.04,-0.034058,-0.0
KUVVA,KUVVA GIDA,Stock,GIDA VE HAYVANCILIK,0.908692,-0.004,-0.131797,-0.266667
TDGYO,TREND GMYO,Stock,GYO,0.902385,-0.016,-0.43751,-0.466667
BARMA,BAREM AMBALAJ,Stock,KAĞIT VE AMBALAJ,0.890632,-0.088,0.085025,-0.333333
KRSTL,KRISTAL KOLA,Stock,İÇECEK,0.884449,-0.016,-0.083852,-0.333333
NTGAZ,NATURELGAZ,Stock,ELEKTRİK,0.869168,0.06,0.015616,-0.066667
MEGMT,MEGA METAL,Stock,DEMİR ÇELİK,0.852058,-0.04,0.073588,-0.066667
TRALT,TÜRK ALTIN İŞLETMELERİ,VIOP,MADENCİLİK,0.843202,-0.072,0.000555,0.066667
SKTAS,SOKTAS,Stock,TEKSTİL,0.808371,0.028,-0.09587,-0.266667
ECZYT,ECZACIBASI YATIRIM,Stock,HOLDİNGLER,0.806531,-0.116,-0.082711,0.066667
KAPLM,KAPLAMIN,Stock,KAĞIT VE AMBALAJ,0.790937,0.056,0.069556,-0.2
TCKRC,KIRAC GALVANIZ,Stock,DEMİR ÇELİK,0.784245,0.048,-0.027159,-0.333333
ENKAI,ENKA INSAAT,VIOP,İNŞAAT - TAAHHÜT,0.769335,-0.044,0.028341,0.133333
PINSU,PINAR SU,Stock,İÇECEK,0.767759,0.06,-0.0495,-0.066667
EDIP,EDIP GAYRIMENKUL,Stock,İNŞAAT - TAAHHÜT,0.761304,0.012,0.010997,0.2
LRSHO,LORAS HOLDING,Stock,HOLDİNGLER,0.760891,0.06,-0.087005,-0.0
YGGYO,YENI GIMAT GMYO,Stock,GYO,0.758357,-0.008,0.067051,-0.2
OFSYM,OFIS YEM GIDA,Stock,GIDA VE HAYVANCILIK,0.756283,-0.06,-0.0748,-0.333333
OZGYO,OZDERICI GMYO,Stock,GYO,0.749113,0.028,-0.023457,-0.266667
GRSEL,GUR-SEL TURIZM TASIMACILIK,Stock,ULAŞTIRMA - LOJİSTİK,0.746136,-0.012,0.005916,-0.266667
EUYO,"EURO YAT, ORT,",Stock,YATIRIM ORTAKLIKLARI,0.743678,-0.02,0.253213,-0.066667
BAHKM,BAHADIR KIMYA,Stock,KİMYASAL ÜRÜNLER,0.734853,0.008,0.23425,-0.066667
HALKB,"T, HALK BANKASI",VIOP,BANKALAR,0.722286,-0.04,0.126702,-0.066667
VKFYO,"VAKIF YAT, ORT,",Stock,YATIRIM ORTAKLIKLARI,0.706899,0.072,-0.158528,-0.333333
INFO,INFO YATIRIM,Stock,ARACI KURUMLAR,0.703703,0.052,-0.022886,0.2
MRGYO,MARTI GMYO,Stock,GYO,0.700792,0.028,-0.42354,-0.2
AVOD,"A,V,O,D GIDA VE TARIM",Stock,GIDA VE HAYVANCILIK,0.688057,-0.032,-0.133336,-0.533333
PRZMA,PRIZMA PRESS MATBAACILIK,Stock,KAĞIT VE AMBALAJ,0.684969,-0.012,-0.087986,-0.066667
SONME,SONMEZ FILAMENT,Stock,GYO,0.672442,0.048,-0.047491,-0.2
TRMET,TR ANADOLU METAL MADENCİLİK,VIOP,MADENCİLİK,0.662925,-0.048,0.041365,-0.2
BIGCH,BUYUK SEFLER BIGCHEFS,Stock,GIDA VE HAYVANCILIK,0.657738,0.016,-0.204259,-0.466667
SNGYO,SINPAS GMYO,Stock,GYO,0.644672,-0.032,-0.087287,-0.066667
SOKM,SOK MARKETLER TICARET,VIOP,PERAKENDE,0.64427,-0.092,0.059479,-0.066667
CWENE,CW ENERJI,Stock,ELEKTRİK,0.625721,0.048,-0.019126,0.2
TABGD,TAB GIDA,Stock,GIDA VE HAYVANCILIK,0.624405,-0.052,0.001837,-0.333333
EGEGY,EGEYAPI AVRUPA GMYO,Stock,GYO,0.624341,0.016,-0.031603,-0.0
YATAS,YATAS YATAK VE YORGAN,Stock,MOBİLYA,0.621779,-0.008,-0.039509,-0.066667
EKGYO,EMLAK KONUT GMYO,VIOP,GYO,0.621606,-0.088,-0.059573,-0.2
TEKTU,TEK-ART TURIZM,Stock,TURİZM,0.614361,0.036,0.007665,0.333333
BINBN,BIN ULASIM TEKNOLOJILERI,Stock,TEKNOLOJİ,0.593581,-0.028,-0.115062,-0.2
AKSEN,AKSA ENERJI,VIOP,ELEKTRİK,0.592236,0.012,-0.057148,-0.066667
SEYKM,SEYITLER KIMYA,Stock,KİMYASAL ÜRÜNLER,0.591419,0.048,-0.097156,-0.266667
GLCVY,GELECEK VARLIK YONETIMI,Stock,BANKALAR,0.56129,0.048,-0.04364,-0.266667
HUBVC,HUB GIRISIM,Stock,GİRİŞİM SERMAYESİ,0.55852,0.068,0.234873,-0.066667
GARFA,GARANTI FAKTORING,Stock,FİNANSAL KİRALAMA VE FAKTORİNG,0.55672,0.056,-0.08965,-0.2
ARASE,DOGU ARAS ENERJI,Stock,ELEKTRİK,0.547786,-0.072,0.014608,0.133333
RYGYO,REYSAS GMYO,Stock,GYO,0.53956,0.068,0.006497,-0.066667
CGCAM,CAGDAS CAM,Stock,CAM,0.530397,0.1,-0.151537,-0.333333
OYAYO,"OYAK YAT, ORT,",Stock,YATIRIM ORTAKLIKLARI,0.527811,0.072,0.211082,0.0
ISFIN,"IS FIN,KIR,",Stock,FİNANSAL KİRALAMA VE FAKTORİNG,0.518054,0.064,-0.01943,0.066667
IMASM,IMAS MAKINA,Stock,OTOMOTİV PARÇASI,0.516352,0.056,-0.086814,-0.2
VSNMD,VISNE MADENCILIK,Stock,MADENCİLİK,0.500638,0.020661,-1.8e-05,-0.066667
BASCM,BASTAS BASKENT CIMENTO,Stock,ÇİMENTO,0.493881,0.104,-0.078981,-0.2
VANGD,VANET GIDA,Stock,GIDA VE HAYVANCILIK,0.491973,0.056,0.158531,-0.2
MNDRS,MENDERES TEKSTIL,Stock,TEKSTİL,0.486181,0.012,-0.000976,0.2
SKYLP,SKYALP FINANSAL TEKNOLOJILER,Stock,DİĞER,0.484643,0.1,-0.178303,-0.2
QNBFK,QNB FINANSAL KIRALAMA,Stock,SINIFLANDIRMA DIŞI,0.483948,0.128,-0.04578,-0.2
EDATA,E-DATA TEKNOLOJI,Stock,BİLGİSAYAR DONATIM,0.48156,-0.008,0.212063,-0.2
EUHOL,EURO YATIRIM HOLDING,Stock,HOLDİNGLER,0.480603,0.068,-0.026635,0.066667
OZYSR,OZYASAR TEL,Stock,DEMİR ÇELİK,0.479,-0.024,0.196795,-0.2
AGESA,AGESA HAYAT EMEKLILIK,Stock,SİGORTA,0.474892,-0.028,-0.045343,0.066667
ENTRA,"IC ENTERRA YEN, ENERJI",Stock,ELEKTRİK,0.474134,0.068,-0.014212,0.066667
KRVGD,KERVAN GIDA,Stock,GIDA VE HAYVANCILIK,0.47225,-0.036,-0.00922,0.133333
PSDTC,PERGAMON DIS TICARET,Stock,PAZARLAMA,0.465864,0.12,-0.082443,-0.466667
ENJSA,ENERJISA ENERJI,VIOP,ELEKTRİK,0.46329,-0.008,0.006175,-0.066667
LYDHO,LYDIA HOLDING,Stock,PAZARLAMA,0.459939,0.096,0.059363,0.066667
ADGYO,ADRA GMYO,Stock,GYO,0.457876,0.044,-0.17417,-0.333333
EUKYO,"EURO KAPITAL YAT, ORT,",Stock,YATIRIM ORTAKLIKLARI,0.448352,0.128,0.142227,0.2
ZRGYO,ZIRAAT GMYO,Stock,GYO,0.443198,-0.092,-0.047115,-0.066667
GRNYO,"GARANTI YAT, ORT,",Stock,YATIRIM ORTAKLIKLARI,0.442943,0.156,-0.012848,-0.333333
GRTHO,GRAINTURK HOLDING,Stock,GIDA VE HAYVANCILIK,0.442186,0.032,0.092015,0.066667
KLGYO,KILER GMYO,Stock,GYO,0.437358,0.016,-0.076215,-0.266667
EGGUB,EGE GUBRE,Stock,TARIM KİMYASALLARI,0.428793,0.08,-0.029827,-0.066667
YUNSA,YUNSA YUNLU,Stock,TEKSTİL,0.424367,0.096,0.051638,0.066667
KTLEV,"KATILIMEVIM TAS, FIN,",Stock,FİNANSAL KİRALAMA VE FAKTORİNG,0.412044,0.004,-0.065454,-0.333333
BASGZ,BASKENT DOGALGAZ GMYO,Stock,ELEKTRİK,0.409415,0.04,0.057048,0.133333
OZRDN,OZERDEN AMBALAJ,Stock,İNŞAAT MALZEMELERİ,0.405072,0.024,0.566824,-0.2
CELHA,CELIK HALAT,Stock,DEMİR ÇELİK,0.40349,0.148,-0.059206,-0.266667
FRIGO,FRIGO PAK GIDA,Stock,GIDA VE HAYVANCILIK,0.399271,-0.112,0.203675,-0.6
SNPAM,SONMEZ PAMUKLU,Stock,TEKSTİL,0.380043,0.156,4.3e-05,0.0
TRGYO,TORUNLAR GMYO,Stock,GYO,0.379899,-0.052,-0.019786,-0.2
GEDIK,"GEDIK Y, MEN, DEG,",Stock,ARACI KURUMLAR,0.368521,0.052,-0.011342,-0.2
COSMO,"COSMOS YAT, HOLDING",Stock,HOLDİNGLER,0.365667,0.072,-0.003415,0.2
GLRYH,"GULER YAT, HOLDING",Stock,HOLDİNGLER,0.365179,0.016,0.026586,0.0
GSDHO,GSD HOLDING,Stock,HOLDİNGLER,0.358273,-0.016,-0.025962,-0.0
MAGEN,MARGUN ENERJI,Stock,ELEKTRİK,0.357112,-0.224,0.049986,-0.2
BRSAN,BORUSAN BORU SANAYI,VIOP,DEMİR ÇELİK,0.35021,0.056,0.040403,0.2
LILAK,LILA KAGIT,Stock,KAĞIT VE AMBALAJ,0.348456,0.008,0.008115,-0.066667
IZINV,IZ YATIRIM HOLDING,Stock,GIDA VE HAYVANCILIK,0.34315,0.172,0.006947,-0.066667
AYGAZ,AYGAZ,Stock,PETROL,0.336463,-0.112,-0.008776,0.066667
DOGUB,DOGUSAN,Stock,İNŞAAT MALZEMELERİ,0.332477,0.144,0.06489,0.066667
HLGYO,HALK GMYO,Stock,GYO,0.329557,0.004,0.073081,-0.266667
IHLGM,IHLAS GAYRIMENKUL,Stock,GYO,0.32844,0.092,0.00971,0.066667
METRO,METRO HOLDING,Stock,HOLDİNGLER,0.326198,0.048,-0.119668,-0.266667
KATMR,KATMERCILER EKIPMAN,Stock,OTOMOTİV PARÇASI,0.325177,0.048,-0.037484,-0.0
ARSAN,ARSAN TEKSTIL,Stock,TEKSTİL,0.319341,0.112,-0.213141,-0.6
LOGO,LOGO YAZILIM,Stock,TEKNOLOJİ,0.31438,0.028,-0.088184,-0.6
AKFGY,AKFEN GMYO,Stock,GYO,0.311441,-0.06,0.003333,0.066667
TOASO,"TOFAS OTO, FAB,",VIOP,OTOMOTİV,0.310051,0.024,-2.8e-05,-0.066667
IZMDC,IZMIR DEMIR CELIK,Stock,DEMİR ÇELİK,0.306208,-0.004,0.03578,0.2
RNPOL,RAINBOW POLIKARBONAT,Stock,KİMYASAL ÜRÜNLER,0.302772,0.128,-0.0607,-0.4
TRENJ,TR DOĞAL ENERJİ KAYNAKLARI,Stock,PETROL,0.300787,-0.012,0.038077,0.066667
GLRMK,GULERMAK AGIR SANAYI,Stock,İNŞAAT - TAAHHÜT,0.293678,0.032,-0.110394,-0.066667
ATSYH,ATLANTIS YATIRIM HOLDING,Stock,HOLDİNGLER,0.289039,0.056,-0.004885,-0.142857
SEKFK,"SEKER FIN, KIR,",Stock,FİNANSAL KİRALAMA VE FAKTORİNG,0.289025,0.08,0.08925,-0.066667
KUTPO,KUTAHYA PORSELEN,Stock,SERAMİK,0.282002,0.04,0.020473,0.0
ZEDUR,ZEDUR ENERJI,Stock,ELEKTRİK,0.279925,-0.016,0.021589,-0.266667
TTKOM,TURK TELEKOM,VIOP,HABERLEŞME,0.275763,-0.016,0.015869,-0.066667
HDFGS,HEDEF GIRISIM,Stock,GİRİŞİM SERMAYESİ,0.272375,0.104,0.094734,0.066667
BAGFS,BAGFAS,Stock,TARIM KİMYASALLARI,0.272223,0.068,-0.069401,0.066667
ALKA,ALKIM KAGIT,Stock,KAĞIT VE AMBALAJ,0.271812,0.024,-0.113896,-0.333333
YAYLA,"YAYLA EN, UR, TUR, VE INS",Stock,İNŞAAT - ELEKTRİK,0.269431,0.036,-0.078018,-0.533333
ATATP,ATP YAZILIM,Stock,TEKNOLOJİ,0.268843,0.084,0.035015,0.2
BRYAT,"BORUSAN YAT, PAZ,",Stock,HOLDİNGLER,0.265709,0.08,0.056517,-0.2
CANTE,CAN2 TERMIK,Stock,ELEKTRİK,0.262498,0.072,-0.185697,-0.266667
KIMMR,KIM MARKET-ERSAN ALISVERIS,Stock,PERAKENDE,0.25897,-0.004,-0.040604,-0.066667
DOHOL,DOGAN HOLDING,VIOP,HOLDİNGLER,0.255063,-0.064,-0.099577,-0.2
PNSUT,PINAR SUT,Stock,GIDA VE HAYVANCILIK,0.251542,0.016,-0.07633,-0.333333
IDGYO,IDEALIST GMYO,Stock,GYO,0.245789,0.104,0.04906,0.066667
PAPIL,PAPILON SAVUNMA,Stock,TEKNOLOJİ,0.245765,0.172,0.006404,0.066667
ULUSE,ULUSOY ELEKTRIK,Stock,İNŞAAT - ELEKTRİK,0.241368,0.116,-0.047264,-0.2
TURSG,TURKIYE SIGORTA,Stock,SİGORTA,0.23297,0.036,-0.012472,0.066667
OZKGY,OZAK GMYO,Stock,GYO,0.232252,0.04,-0.023125,-0.066667
TRCAS,TURCAS PETROL,Stock,PETROL,0.22765,-0.016,-0.06055,-0.066667
DARDL,DARDANEL,Stock,GIDA VE HAYVANCILIK,0.225299,0.012,-0.077941,-0.133333
PCILT,PC ILETISIM MEDYA,Stock,MEDYA,0.224175,0.016,0.100582,-0.2
RGYAS,"RONESANS GAYRIMENKUL YAT,",Stock,GYO,0.224157,-0.012,-0.02442,-0.066667
MEPET,METRO PETROL VE TESISLERI,Stock,PERAKENDE,0.222008,0.144,-0.012015,-0.266667
KTSKR,KUTAHYA SEKER FABRIKASI,Stock,GIDA VE HAYVANCILIK,0.221228,0.008,0.06664,-0.333333
NIBAS,NIGBAS NIGDE BETON,Stock,ÇİMENTO,0.220594,0.116,0.384592,-0.266667
BSOKE,BATISOKE CIMENTO,Stock,ÇİMENTO,0.218031,-0.048,0.031393,0.0
HURGZ,"HURRIYET GZT,",Stock,MEDYA,0.215758,0.064,-0.099153,-0.266667
VKGYO,VAKIF GMYO,Stock,GYO,0.213454,-0.016,-0.051114,-0.0
OYYAT,OYAK YATIRIM MENKUL,Stock,ARACI KURUMLAR,0.212422,-0.072,0.31698,-0.466667
FROTO,FORD OTOSAN,VIOP,OTOMOTİV,0.211044,0.016,-0.00956,0.066667
FORTE,FORTE BILGI ILETISIM,Stock,TEKNOLOJİ,0.210452,0.088,-0.000853,0.133333
ISGYO,IS GMYO,Stock,GYO,0.209487,0.008,-0.092738,-0.133333
ATLAS,"ATLAS YAT, ORT,",Stock,YATIRIM ORTAKLIKLARI,0.206149,0.076,-0.138758,-0.333333
IHGZT,IHLAS GAZETECILIK,Stock,MEDYA,0.203081,0.052,-0.019217,0.133333
EKOS,EKOS TEKNOLOJI,Stock,ELEKTRİK,0.202582,0.056,0.129049,0.0
ASTOR,ASTOR ENERJI,VIOP,ELEKTRİK,0.196291,-0.004,0.047807,0.066667
VERTU,VERUSATURK GIRISIM,Stock,GİRİŞİM SERMAYESİ,0.19293,0.094118,0.019315,-0.2
LYDYE,LYDIA YESIL ENERJI,Stock,ELEKTRİK,0.187576,0.02,-0.002404,-0.266667
CEMTS,CEMTAS,Stock,DEMİR ÇELİK,0.187239,0.064,-0.072546,0.066667
YESIL,YESIL YATIRIM HOLDING,Stock,HOLDİNGLER,0.183131,0.064,-0.030182,-0.066667
KLKIM,KALEKIM KIMYEVI MADDELER,Stock,İNŞAAT MALZEMELERİ,0.182479,0.028,0.031555,-0.333333
TUPRS,TUPRAS,VIOP,PETROL,0.173202,-0.044,-0.107375,-0.333333
MOPAS,MOPAS MARKETCILIK,Stock,PERAKENDE,0.170749,0.068,-0.012376,0.333333
GUBRF,"GUBRE FABRIK,",VIOP,TARIM KİMYASALLARI,0.167491,-0.04,0.003855,-0.2
DOCO,DO-CO,Stock,ULAŞTIRMA - LOJİSTİK,0.166208,-0.023529,0.054985,0.2
GLBMD,"GLOBAL MEN, DEG,",Stock,ARACI KURUMLAR,0.16468,0.116,-0.058755,-0.066667
HRKET,HAREKET PROJE TASIMACILIGI,Stock,DİĞER,0.160007,0.0,-0.01517,-0.066667
ICBCT,ICBC TURKEY BANK,Stock,BANKALAR,0.156766,0.008,-0.014657,-0.066667
KERVN,"KERVANSARAY YAT, HOLDING",Stock,HOLDİNGLER,0.155156,0.084,0.155072,0.0
ALBRK,ALBARAKA TURK,Stock,BANKALAR,0.153324,-0.04,-0.007743,0.066667
ATAKP,ATAKEY PATATES,Stock,GIDA VE HAYVANCILIK,0.15323,0.008,0.018892,0.066667
EMKEL,EMEK ELEKTRIK,Stock,İNŞAAT - ELEKTRİK,0.152863,-0.092,0.042324,0.066667
GIPTA,GIPTA OFIS KIRTASIYE,Stock,DİĞER,0.152605,-0.068,0.002573,-0.066667
MNDTR,MONDI TURKEY,Stock,KAĞIT VE AMBALAJ,0.152552,-0.032,-0.001446,0.066667
AVGYO,AVRASYA GMYO,Stock,GYO,0.149191,0.136,-0.015103,0.066667
MAALT,MARMARIS ALTINYUNUS,Stock,TURİZM,0.148988,0.068,0.009118,0.2
BALAT,BALATACILAR BALATACILIK,Stock,OTOMOTİV PARÇASI,0.146543,0.1,-0.080578,-0.2
CONSE,CONSUS ENERJI,Stock,ELEKTRİK,0.144199,0.108,0.072866,-0.2
KLNMA,"T, KALKINMA BANK,",Stock,SINIFLANDIRMA DIŞI,0.143601,0.124,-0.000434,-0.133333
ANELE,ANEL ELEKTRIK,Stock,İNŞAAT - ELEKTRİK,0.142943,0.012,-0.007455,0.133333
LUKSK,LUKS KADIFE,Stock,TEKSTİL,0.139671,0.052,-0.033926,0.066667
GSDDE,GSD DENIZCILIK,Stock,ULAŞTIRMA - LOJİSTİK,0.138307,0.072,0.008227,-0.2
A1YEN,A1 YENILENEBILIR ENERJI,Stock,ELEKTRİK,0.137727,0.011765,0.012972,-0.2
DESA,DESA DERI,Stock,TEKSTİL,0.135337,0.06,0.029447,0.066667
MERIT,MERIT TURIZM,Stock,TURİZM,0.134349,0.068,-0.011434,0.066667
SANEL,SANEL MUHENDISLIK,Stock,İNŞAAT - ELEKTRİK,0.134275,0.1,0.096399,0.2
PARSN,PARSAN,Stock,OTOMOTİV PARÇASI,0.131667,0.072,-0.080153,-0.333333
MTRKS,MATRIKS FINANSAL TEKNOLOJILER,Stock,TEKNOLOJİ,0.131496,0.04,-0.070822,-0.2
PRDGS,PARDUS GIRISIM,Stock,GİRİŞİM SERMAYESİ,0.130353,0.068,0.000173,-0.2
BYDNR,BAYDONER RESTORANLARI,Stock,GIDA VE HAYVANCILIK,0.12927,0.088,0.083261,0.333333
ULKER,ULKER BISKUVI,VIOP,GIDA VE HAYVANCILIK,0.126809,0.0,-0.068398,-0.333333
PETUN,PINAR ET VE UN,Stock,GIDA VE HAYVANCILIK,0.126413,-0.044,-0.049185,-0.333333
NUGYO,NUROL GMYO,Stock,GYO,0.125892,0.1,-0.050424,0.133333
CATES,CATES ELEKTRIK,Stock,ELEKTRİK,0.123844,0.044,-0.085092,-0.2
AHGAZ,AHLATCI DOGALGAZ,Stock,ELEKTRİK,0.122709,0.048,-0.034769,-0.333333
MEGAP,MEGA POLIETILEN,Stock,KİMYASAL ÜRÜNLER,0.119891,0.216,-0.013733,0.133333
ALARK,ALARKO HOLDING,VIOP,HOLDİNGLER,0.111906,0.044,-0.02962,-0.066667
TAVHL,TAV HAVALIMANLARI,VIOP,ULAŞTIRMA - LOJİSTİK,0.110762,-0.02,-0.054681,-0.066667
MSGYO,MISTRAL GMYO,Stock,GYO,0.11057,0.1,0.073731,-0.133333
BIMAS,BIM MAGAZALAR,VIOP,PERAKENDE,0.110212,0.036,0.030114,-0.2
UNLU,UNLU YATIRIM HOLDING,Stock,ARACI KURUMLAR,0.108072,0.012,-0.13824,-0.066667
SISE,SISE CAM,VIOP,CAM,0.104336,0.012,-0.012739,0.066667
SILVR,SILVERLINE ENDUSTRI,Stock,DAYANIKLI TÜKETİM,0.102417,0.072,-0.021601,0.133333
RUZYE,RUZY MADENCILIK VE ENERJI,Stock,MADENCİLİK,0.099159,0.123529,-0.06903,-0.333333
ERBOS,ERBOSAN,Stock,DEMİR ÇELİK,0.098575,0.04,-0.087042,-0.2
ANHYT,"ANADOLU HAYAT EMEK,",Stock,SİGORTA,0.09585,0.028,-0.089309,-0.466667
BAKAB,BAK AMBALAJ,Stock,KAĞIT VE AMBALAJ,0.094007,0.06,0.030513,0.2
YONGA,YONGA MOBILYA,Stock,MOBİLYA,0.09271,0.056,0.051787,-0.066667
EREGL,EREGLI DEMIR CELIK,VIOP,DEMİR ÇELİK,0.090848,0.02,0.06374,-0.066667
AYDEM,AYDEM ENERJI,Stock,ELEKTRİK,0.090684,-0.004,0.043224,-0.6
PKART,PLASTIKKART,Stock,TEKNOLOJİ,0.09034,0.044,0.098758,-0.333333
ARTMS,ARTEMIS HALI,Stock,TEKSTİL,0.087596,0.076,0.026518,0.2
GARAN,GARANTI BANKASI,VIOP,BANKALAR,0.086464,0.024,-0.022309,-0.066667
TBORG,"T,TUBORG",Stock,İÇECEK,0.085498,0.12,0.034377,-0.066667
KZGYO,KUZUGRUP GMYO,Stock,GYO,0.08327,0.04,0.00997,0.066667
DAPGM,DAP GAYRIMENKUL,Stock,GYO,0.081575,-0.1,0.122742,-0.2
VKING,VIKING KAGIT,Stock,KAĞIT VE AMBALAJ,0.080996,0.144,-0.05729,-0.0
YKBNK,"YAPI VE KREDI BANK,",VIOP,BANKALAR,0.077434,0.008,0.021377,0.0
PENGD,PENGUEN GIDA,Stock,GIDA VE HAYVANCILIK,0.076262,0.092,0.090881,-0.133333
BEYAZ,BEYAZ FILO,Stock,ULAŞTIRMA - LOJİSTİK,0.071743,0.104,-0.063919,-0.066667
DOFER,DOFER YAPI MALZEMELERI,Stock,İNŞAAT MALZEMELERİ,0.071677,-0.084,-0.006545,-0.2
SARKY,SARKUYSAN,Stock,İNŞAAT MALZEMELERİ,0.069849,-0.064,-0.220784,-0.466667
GESAN,GIRISIM ELEKTRIK SANAYI,Stock,ELEKTRİK,0.06926,0.08,-0.138014,-0.2
MARBL,TUREKS TURUNC MADENCILIK,Stock,SERAMİK,0.063705,0.008,-0.082182,-0.133333
RODRG,RODRIGO TEKSTIL,Stock,TEKSTİL,0.06323,0.12,-0.014145,-0.333333
YYLGD,YAYLA GIDA,Stock,GIDA VE HAYVANCILIK,0.061686,0.052,-0.019921,-0.066667
MHRGY,MHR GMYO,Stock,GYO,0.059287,0.124,0.031778,-0.466667
MIATK,MIA TEKNOLOJI,Stock,TEKNOLOJİ,0.057691,0.084,0.048666,-0.066667
MTRYO,"METRO YAT, ORT,",Stock,YATIRIM ORTAKLIKLARI,0.056258,0.092,0.064436,-0.2
GOZDE,GOZDE GIRISIM,Stock,GİRİŞİM SERMAYESİ,0.055095,0.06,0.021242,-0.266667
MPARK,MLP SAGLIK,Stock,SAĞLIK VE İLAÇ,0.054878,-0.024,-0.006338,0.066667
TCELL,TURKCELL,VIOP,HABERLEŞME,0.050692,0.024,-0.018424,-0.066667
INDES,INDEKS BILGISAYAR,Stock,BİLGİSAYAR DONATIM,0.050264,-0.016,-0.048241,0.066667
BORSK,BOR SEKER,Stock,GIDA VE HAYVANCILIK,0.049848,0.044,0.029038,0.0
ASGYO,ASCE GMYO,Stock,GYO,0.049145,0.0,-0.001735,-0.2
DOAS,DOGUS OTOMOTIV,VIOP,OTOMOTİV,0.048665,0.0,-0.03464,-0.133333
MRSHL,MARSHALL,Stock,BOYA,0.04649,0.096,0.010261,-0.2
SURGY,SUR TATIL EVLERI GMYO,Stock,GYO,0.046127,0.044,0.441632,-0.466667
ZERGY,Zeray Gayrimenkul Yatirim Ortakligi AS,Stock,,0.044831,-0.043478,0.19354,0.066667
AKBNK,AKBANK,VIOP,BANKALAR,0.04426,-0.076,-0.058513,-0.333333
YYAPI,YESIL YAPI,Stock,İNŞAAT - TAAHHÜT,0.042634,0.056,-0.016426,-0.0
AEFES,ANADOLU EFES,VIOP,İÇECEK,0.041777,0.024,0.029888,0.066667
ATAGY,ATA GMYO,Stock,GYO,0.039284,0.028,0.008522,0.066667
POLTK,POLITEKNIK METAL,Stock,KİMYASAL ÜRÜNLER,0.037892,0.076,-0.036324,-0.133333
DERIM,DERIMOD,Stock,TEKSTİL,0.036583,0.06,0.061039,-0.2
PAGYO,PANORA GMYO,Stock,GYO,0.032449,0.036,0.048905,-0.066667
VAKBN,VAKIFLAR BANKASI,VIOP,BANKALAR,0.031101,-0.024,0.089823,-0.066667
NTHOL,NET HOLDING,Stock,HOLDİNGLER,0.029963,-0.012,0.000504,0.2
ALKIM,ALKIM KIMYA,Stock,KİMYASAL ÜRÜNLER,0.029637,0.06,-0.03415,-0.066667
BOSSA,BOSSA,Stock,TEKSTİL,0.026037,0.028,-0.0125,0.066667
SELEC,SELCUK ECZA DEPOSU,Stock,SAĞLIK VE İLAÇ,0.025496,-0.052,0.014955,-0.066667
CRFSA,CARREFOURSA,Stock,PERAKENDE,0.024689,-0.008,0.10159,-0.133333
KLMSN,KLIMASAN KLIMA,Stock,DAYANIKLI TÜKETİM,0.02277,0.052,0.003239,-0.066667
AKFYE,"AKFEN YEN, ENERJI",Stock,ELEKTRİK,0.022266,0.072,-0.008049,0.066667
NETAS,"NETAS TELEKOM,",Stock,BİLGİSAYAR DONATIM,0.019927,-0.028,-0.108033,-0.2
EUPWR,EUROPOWER ENERJI,Stock,ELEKTRİK,0.018569,0.12,-0.139141,-0.066667
KCHOL,KOC HOLDING,VIOP,HOLDİNGLER,0.016078,0.028,0.017845,0.066667
EGPRO,EGE PROFIL,Stock,İNŞAAT MALZEMELERİ,0.013094,0.096,0.035742,-0.066667
ULUUN,ULUSOY UN SANAYI,Stock,GIDA VE HAYVANCILIK,0.009669,0.004,-0.016036,0.133333
HTTBT,HITIT BILGISAYAR,Stock,BİLGİSAYAR DONATIM,0.008134,0.056,-0.041144,0.266667
TATGD,TAT GIDA,Stock,GIDA VE HAYVANCILIK,0.007801,-0.02,0.221248,-0.2
BRISA,BRISA BRIDGESTONE SABANCI,Stock,OTOMOTİV PARÇASI,0.00562,0.084,0.038245,-0.066667
DURKN,DURUKAN SEKERLEME,Stock,GIDA VE HAYVANCILIK,0.005526,-0.04,0.172964,-0.066667
INTEM,INTEMA,Stock,İNŞAAT MALZEMELERİ,0.000306,0.092,0.253201,-0.066667
BESLR,BESLER GIDA,Stock,GIDA VE HAYVANCILIK,-0.000991,0.048193,0.02374,-0.066667
ISCTR,IS BANKASI (C),VIOP,BANKALAR,-0.001828,-0.004,-0.013972,-0.2
ARDYZ,ARD BILISIM TEKNOLOJILERI,Stock,TEKNOLOJİ,-0.003945,0.004,-0.128771,-0.2
ARFYE,ARF Bio Yenilenebilir Enerji Uretim AS,Stock,,-0.005887,-0.136364,-0.092104,-0.466667
DGATE,DATAGATE BILGISAYAR,Stock,BİLGİSAYAR DONATIM,-0.008072,-0.032,-0.080403,-0.6
INVEO,INVEO YATIRIM HOLDING,Stock,HOLDİNGLER,-0.008346,-0.076,-0.120988,-0.2
AVHOL,AVRUPA YATIRIM HOLDING,Stock,HOLDİNGLER,-0.009144,-0.064,-0.005432,0.2
KRDMB,KARDEMIR (B),Stock,DEMİR ÇELİK,-0.009149,-0.016,0.002707,-0.2
SOKE,SOKE DEGIRMENCILIK,Stock,GIDA VE HAYVANCILIK,-0.010258,-0.036,0.037775,-0.066667
EUREN,EUROPEN ENDUSTRI,Stock,İNŞAAT MALZEMELERİ,-0.010461,0.18,0.026659,-0.2
KAYSE,KAYSERI SEKER FABRIKASI,Stock,GIDA VE HAYVANCILIK,-0.012727,-0.032,0.148908,0.0
PAMEL,PAMEL ELEKTRIK,Stock,ELEKTRİK,-0.013375,-0.048,-0.057151,-0.066667
DMLKT,Emlak Konut Gayrimenkul Yatirim Ortakligi A.S. 0 % Certificates 2025-31.12.2199,Stock,,-0.013479,-0.173913,-0.008559,-0.4
CCOLA,COCA COLA ICECEK,Stock,İÇECEK,-0.015269,-0.028,0.024365,-0.066667
EBEBK,EBEBEK MAGAZACILIK,Stock,PERAKENDE,-0.015441,-0.116,0.042582,-0.2
BAYRK,BAYRAK TABAN SANAYI,Stock,KİMYASAL ÜRÜNLER,-0.015571,-0.072,0.008553,0.2
IHEVA,IHLAS EV ALETLERI,Stock,DAYANIKLI TÜKETİM,-0.01991,-0.064,0.047394,0.066667
GOKNR,GOKNUR GIDA,Stock,İÇECEK,-0.025406,-0.0,0.042344,0.133333
ISDMR,ISKENDERUN DEMIR CELIK,Stock,DEMİR ÇELİK,-0.03061,-0.004,0.046556,0.133333
TLMAN,TRABZON LIMAN,Stock,ULAŞTIRMA - LOJİSTİK,-0.032402,-0.064,-0.015407,0.2
SANKO,SANKO PAZARLAMA,Stock,PAZARLAMA,-0.033422,-0.016,-0.015188,-0.0
AKMGY,AKMERKEZ GMYO,Stock,GYO,-0.034579,-0.08,0.025335,0.133333
BIOEN,BIOTREND CEVRE VE ENERJI,Stock,ELEKTRİK,-0.035301,-0.112,-0.11464,-0.466667
OBASE,OBASE BILGISAYAR,Stock,TEKNOLOJİ,-0.036069,-0.016,-0.115281,-0.066667
PAHOL,PASIFIK HOLDING A.S,Stock,,-0.036813,-0.217391,-0.105599,-0.266667
TRILC,TURK ILAC SERUM,Stock,SAĞLIK VE İLAÇ,-0.038756,0.016,-0.063229,-0.333333
KLSYN,KOLEKSIYON MOBILYA,Stock,MOBİLYA,-0.043324,-0.056,0.211041,-0.066667
ERSU,ERSU GIDA,Stock,İÇECEK,-0.044218,-0.168,0.027216,-0.2
AKYHO,AKDENIZ YATIRIM HOLDING,Stock,HOLDİNGLER,-0.047361,-0.144,-0.010562,-0.0
CUSAN,CUHADAROGLU METAL,Stock,DEMİR ÇELİK,-0.048944,-0.024,-0.165458,-0.466667
BIZIM,BIZIM MAGAZALARI,Stock,PERAKENDE,-0.049858,-0.02,-0.038427,0.066667
VERUS,VERUSA HOLDING,Stock,HOLDİNGLER,-0.050158,-0.04,-0.069355,-0.266667
BALSU,BALSU GIDA,Stock,GIDA VE HAYVANCILIK,-0.050176,-0.106383,0.038087,-0.266667
DIRIT,DIRITEKS DIRILIS TEKSTIL,Stock,TEKSTİL,-0.051286,-0.1,0.107842,-0.066667
GENIL,GEN ILAC,Stock,SAĞLIK VE İLAÇ,-0.052497,0.152,-0.939173,-0.066667
PRKAB,TURK PRYSMIAN KABLO,Stock,KABLO,-0.054769,-0.072,-0.051416,-0.066667
INVES,INVESTCO HOLDING,Stock,HOLDİNGLER,-0.055707,0.076,-0.070847,-0.466667
IHLAS,IHLAS HOLDING,Stock,HOLDİNGLER,-0.055761,-0.088,-0.017256,0.133333
SEGMN,SEGMEN KARDESLER GIDA,Stock,GIDA VE HAYVANCILIK,-0.056662,0.116,0.21428,-0.066667
MGROS,MIGROS TICARET,VIOP,PERAKENDE,-0.057178,-0.072,0.018407,0.0
DEVA,DEVA HOLDING,Stock,SAĞLIK VE İLAÇ,-0.058903,-0.016,0.099509,-0.133333
BFREN,BOSCH FREN SISTEMLERI,Stock,OTOMOTİV PARÇASI,-0.059496,-0.14,-0.014347,-0.066667
MARTI,MARTI OTEL,Stock,TURİZM,-0.059681,-0.084,-0.072108,-0.066667
MERKO,MERKO GIDA,Stock,GIDA VE HAYVANCILIK,-0.063505,-0.012,0.010998,-0.133333
AKSGY,AKIS GMYO,Stock,GYO,-0.064517,-0.108,-0.033075,-0.133333
TKFEN,TEKFEN HOLDING,VIOP,HOLDİNGLER,-0.064717,-0.004,0.070968,0.066667
BNTAS,BANTAS AMBALAJ,Stock,KAĞIT VE AMBALAJ,-0.065658,-0.12,0.048408,0.2
MERCN,MERCAN KIMYA,Stock,KİMYASAL ÜRÜNLER,-0.065921,0.048,0.061758,0.066667
KOPOL,KOZA POLYESTER,Stock,KİMYASAL ÜRÜNLER,-0.06601,-0.14,0.091955,0.2
KSTUR,KUSTUR KUSADASI TURIZM,Stock,TURİZM,-0.066683,-0.104,-0.178244,-0.266667
PENTA,PENTA TEKNOLOJI URUNLERI DAGITIM,Stock,BİLGİSAYAR DONATIM,-0.069326,-0.052,0.036246,-0.133333
MZHLD,MAZHAR ZORLU HOLDING,Stock,HOLDİNGLER,-0.070402,-0.1,-0.01665,-0.066667
VAKFN,"VAKIF FIN, KIR,",Stock,FİNANSAL KİRALAMA VE FAKTORİNG,-0.071052,-0.056,-8.3e-05,0.133333
AGHOL,ANADOLU GRUBU HOLDING,Stock,HOLDİNGLER,-0.07129,-0.036,-8e-05,-0.066667
DESPC,DESPEC BILGISAYAR,Stock,BİLGİSAYAR DONATIM,-0.073622,-0.056,-0.007774,-0.2
PETKM,PETKIM,VIOP,PETROL,-0.074311,-0.012,-0.056945,-0.2
MARMR,Marmara Holding AS,Stock,,-0.077595,-0.304348,0.053812,0.2
SAHOL,SABANCI HOLDING,VIOP,HOLDİNGLER,-0.077912,-0.028,-0.04393,-0.2
BLUME,Blume Metal Kimya Anonim Sirketi,Stock,,-0.078652,-0.478261,-0.031084,-0.2
VAKFA,Vakif Faktoring A.S.,Stock,,-0.081537,-0.173913,-0.008447,-0.333333
TSGYO,TSKB GMYO,Stock,GYO,-0.083553,-0.056,-0.023912,0.066667
ELITE,ELITE NATUREL ORGANIK GIDA,Stock,İÇECEK,-0.084649,-0.056,-0.052996,0.133333
FMIZP,F-M IZMIT PISTON,Stock,OTOMOTİV PARÇASI,-0.084846,-0.036,-0.02854,-0.2
FADE,FADE GIDA,Stock,GIDA VE HAYVANCILIK,-0.086179,-0.008,0.050749,-0.333333
AKGRT,AKSIGORTA,Stock,SİGORTA,-0.087865,-0.072,-0.025523,0.133333
HOROZ,HOROZ LOJISTIK,Stock,ULAŞTIRMA - LOJİSTİK,-0.09191,-0.024,0.057752,-0.333333
BVSAN,BULBULOGLU VINC,Stock,İNŞAAT MALZEMELERİ,-0.092966,-0.048,-0.01719,0.2
TURGG,TURKER PROJE GAYRIMENKUL,Stock,İNŞAAT - TAAHHÜT,-0.09509,-0.04,0.133879,-0.333333
ENDAE,ENDA ENERJI HOLDING,Stock,ELEKTRİK,-0.096748,-0.091667,-0.031955,-0.2
ANSGR,ANADOLU SIGORTA,Stock,SİGORTA,-0.096832,-0.076,-0.089026,-0.066667
FLAP,"FLAP KONGRE TOPLANTI HIZ,",Stock,DİĞER,-0.100746,-0.128,0.204961,0.0
ISMEN,"IS Y, MEN, DEG,",Stock,ARACI KURUMLAR,-0.101938,-0.072,0.036151,0.066667
BERA,BERA HOLDING,Stock,HOLDİNGLER,-0.103742,0.04,0.032195,-0.066667
ASUZU,ANADOLU ISUZU,Stock,OTOMOTİV,-0.105336,-0.028,0.097397,-0.133333
DZGYO,DENIZ GMYO,Stock,GYO,-0.107098,-0.132,-0.143382,-0.2
HATEK,HATAY TEKSTIL,Stock,TEKSTİL,-0.107964,-0.032,0.015899,-0.066667
ISBIR,ISBIR HOLDING,Stock,HOLDİNGLER,-0.1108,-0.04,-0.071438,-0.2
HEKTS,HEKTAS,VIOP,TARIM KİMYASALLARI,-0.11102,-0.096,-0.099164,-0.4
ALCTL,ALCATEL LUCENT TELETAS,Stock,BİLGİSAYAR DONATIM,-0.112914,-0.024,-0.050595,-0.0
KRPLS,KOROPLAST TEMIZLIK AMBALAJ,Stock,KAĞIT VE AMBALAJ,-0.113678,-0.028,-0.099871,-0.466667
DMSAS,DEMISAS DOKUM,Stock,DEMİR ÇELİK,-0.114446,0.116,-0.071131,0.066667
ANGEN,ANATOLIA TANI VE BIYOTEKNOLOJI,Stock,SAĞLIK VE İLAÇ,-0.116013,0.072,-0.05464,-0.066667
TSKB,"T,S,K,B,",VIOP,BANKALAR,-0.118673,-0.064,-0.07091,-0.066667
AVTUR,"AVRASYA PETROL VE TUR,",Stock,TURİZM,-0.119773,-0.064706,0.028428,0.2
TMSN,TUMOSAN MOTOR VE TRAKTOR,Stock,OTOMOTİV,-0.121348,-0.068,-0.120985,-0.333333
OYAKC,OYAK CIMENTO,VIOP,ÇİMENTO,-0.123323,-0.016,-0.095974,-0.2
EKSUN,EKSUN GIDA,Stock,GIDA VE HAYVANCILIK,-0.123555,-0.04,-0.015212,-0.0
KAREL,KAREL ELEKTRONIK,Stock,BİLGİSAYAR DONATIM,-0.126296,-0.128,-0.007514,0.2
LMKDC,LIMAK DOGU ANADOLU,Stock,ÇİMENTO,-0.126553,-0.088,-0.069415,-0.266667
BTCIM,BATI CIMENTO,Stock,ÇİMENTO,-0.126969,0.008,0.035205,-0.133333
GWIND,GALATA WIND ENERJI,Stock,ELEKTRİK,-0.127838,-0.056,-0.037005,-0.2
SDTTR,SDT UZAY VE SAVUNMA,Stock,SAVUNMA,-0.128641,-0.016,0.15769,0.0
ESCOM,ESCORT TEKNOLOJI,Stock,TEKNOLOJİ,-0.128677,-0.08,0.104304,0.066667
AKSA,AKSA AKRILIK,Stock,TEKSTİL,-0.133238,-0.112,0.019139,0.2
KRDMD,KARDEMIR (D),VIOP,DEMİR ÇELİK,-0.133251,-0.012,0.004206,-0.066667
HATSN,HATSAN GEMI,Stock,DİĞER,-0.133413,-0.076,-0.077587,-0.2
USAK,USAK SERAMIK,Stock,SERAMİK,-0.133872,-0.152,-0.40138,-0.2
AVPGY,AVRUPAKENT GMYO,Stock,GYO,-0.134005,-0.088,-0.071068,-0.2
AYEN,AYEN ENERJI,Stock,ELEKTRİK,-0.13626,-0.0,0.015853,-0.066667
MOGAN,MOGAN ENERJI,Stock,ELEKTRİK,-0.1369,-0.068,0.18605,-0.266667
SUNTK,SUN TEKSTIL,Stock,TEKSTİL,-0.13856,-0.0,-0.079544,-0.2
ARENA,ARENA BILGISAYAR,Stock,BİLGİSAYAR DONATIM,-0.138946,-0.1,-0.088169,-0.066667
TTRAK,TURK TRAKTOR,Stock,OTOMOTİV,-0.13998,-0.028,-0.091944,-0.066667
ISYAT,"IS YAT, ORT,",Stock,YATIRIM ORTAKLIKLARI,-0.141569,-0.129412,-0.01423,-0.0
TARKM,TARKIM BITKI KORUMA,Stock,TARIM KİMYASALLARI,-0.145442,-0.184,-0.086179,-0.2
BUCIM,BURSA CIMENTO,Stock,ÇİMENTO,-0.145672,-0.0,-0.024443,-0.133333
ECOGR,Ecogreen Enerji Holding A.S.,Stock,,-0.146507,-0.217391,-0.020119,-0.066667
OYLUM,OYLUM SINAI YATIRIMLAR,Stock,GIDA VE HAYVANCILIK,-0.147171,-0.128,-0.042633,-0.066667
THYAO,TURK HAVA YOLLARI,VIOP,ULAŞTIRMA - LOJİSTİK,-0.147382,-0.04,0.054306,-0.266667
KCAER,KOCAER CELIK,Stock,DEMİR ÇELİK,-0.148317,-0.064,-0.018196,-0.066667
ALCAR,ALARKO CARRIER,Stock,DAYANIKLI TÜKETİM,-0.149807,-0.1,-0.003819,0.133333
SKYMD,SEKER YATIRIM,Stock,ARACI KURUMLAR,-0.150061,-0.14,-0.023425,-0.066667
BRLSM,BIRLESIM MUHENDISLIK,Stock,ELEKTRİK,-0.150249,-0.108,0.013344,-0.333333
ZOREN,ZORLU ENERJI,Stock,ELEKTRİK,-0.150864,-0.092,0.048471,-0.066667
EPLAS,EGEPLAST,Stock,İNŞAAT MALZEMELERİ,-0.151367,-0.112,-0.076452,0.066667
DUNYH,Dunya Holding Anonim Sirketi,Stock,,-0.152993,-0.304348,0.161535,-0.2
PGSUS,PEGASUS,VIOP,ULAŞTIRMA - LOJİSTİK,-0.153476,-0.052,0.003494,0.066667
SAYAS,SAY YENILENEBILIR ENERJI,Stock,ELEKTRİK,-0.156893,-0.128,0.072343,0.066667
ULAS,"ULASLAR TURIZM YAT,",Stock,TURİZM,-0.156901,-0.108,0.169965,-0.466667
AYCES,ALTINYUNUS CESME,Stock,TURİZM,-0.159394,-0.116,0.044429,-0.2
AKFIS,AKFEN INSAAT TURIZM VE TICARET AS,Stock,İNŞAAT - TAAHHÜT,-0.161239,-0.132,0.414219,-0.4
KLSER,KALESERAMIK,Stock,SERAMİK,-0.163894,-0.14,-0.003451,0.2
ARCLK,ARCELIK,VIOP,DAYANIKLI TÜKETİM,-0.165583,-0.092,0.057039,-0.2
GOODY,GOOD-YEAR,Stock,OTOMOTİV PARÇASI,-0.165727,-0.0,-0.001209,0.066667
AFYON,AFYON CIMENTO,Stock,ÇİMENTO,-0.170448,-0.04,-0.025786,-0.333333
DNISI,DINAMIK ISI MAKINA YALITIM,Stock,KİMYASAL ÜRÜNLER,-0.170578,-0.176,-0.016358,-0.066667
ONRYT,ONUR TEKNOLOJI,Stock,TEKNOLOJİ,-0.17092,0.008,-0.023475,-0.066667
ISSEN,ISBIR SENTETIK DOKUMA,Stock,TEKSTİL,-0.170957,-0.1,0.010629,-0.266667
KMPUR,KIMTEKS POLIURETAN,Stock,KİMYASAL ÜRÜNLER,-0.176047,-0.056,-0.051434,-0.066667
ALTNY,ALTINAY SAVUNMA,Stock,SAVUNMA,-0.176757,-0.104,0.024499,-0.2
SUMAS,SUMAS SUNI TAHTA,Stock,MOBİLYA,-0.179244,-0.14,0.01195,0.266667
KOTON,KOTON MAGAZACILIK,Stock,PERAKENDE,-0.180831,0.032,-0.07533,0.066667
EFOR,Efor Yatirim Sanayi Ticaret A.S.,Stock,,-0.184659,-0.043478,0.027683,0.066667
GSRAY,GALATASARAY SPORTIF,Stock,SPOR,-0.197848,-0.112,0.135653,-0.066667
DENGE,DENGE HOLDING,Stock,HOLDİNGLER,-0.198373,-0.032,-0.034668,-0.133333
ORGE,ORGE ENERJI ELEKTRIK,Stock,İNŞAAT - ELEKTRİK,-0.199655,-0.08,-0.014033,0.066667
DOKTA,DOKTAS DOKUMCULUK,Stock,OTOMOTİV PARÇASI,-0.200108,-0.108,-0.102042,-0.333333
RUBNS,RUBENIS TEKSTIL,Stock,TEKSTİL,-0.200235,-0.092,0.009565,-0.066667
MANAS,MANAS ENERJI YONETIMI,Stock,BİLGİSAYAR DONATIM,-0.202305,0.004,0.12357,0.066667
CEOEM,CEO EVENT MEDYA,Stock,DİĞER,-0.204547,-0.084,-0.039547,0.066667
NUHCM,NUH CIMENTO,Stock,ÇİMENTO,-0.20873,-0.036,0.072933,0.2
FENER,FENERBAHCE FUTBOL,Stock,SPOR,-0.209603,-0.016,-0.054055,-0.2
BIGTK,Big Medya Teknoloji A.S.,Stock,,-0.2109,-0.434783,0.007803,0.133333
INGRM,INGRAM MICRO BILISIM SISTEMLERI AS,Stock,BİLGİSAYAR DONATIM,-0.213018,-0.084,-0.039648,-0.333333
EGSER,EGE SERAMIK,Stock,SERAMİK,-0.216299,-0.036,0.00333,0.0
AGYO,ATAKULE GMYO,Stock,GYO,-0.22227,-0.12,-0.077938,-0.2
TATEN,TATLIPINAR ENERJI URETIM,Stock,ELEKTRİK,-0.225154,-0.032,-0.13823,-0.333333
BOBET,BOGAZICI BETON SANAYI,Stock,ÇİMENTO,-0.225245,0.004,0.062122,-0.066667
PRKME,"PARK ELEK,MADENCILIK",Stock,MADENCİLİK,-0.22644,-0.032,-0.090354,-0.2
HUNER,HUN YENILENEBILIR ENERJI URETIM AS,Stock,ELEKTRİK,-0.22663,-0.088,0.067424,-0.133333
YKSLN,YUKSELEN CELIK,Stock,DEMİR ÇELİK,-0.227753,-0.08,-0.058481,-0.0
AKENR,AKENERJI,Stock,ELEKTRİK,-0.232776,-0.1,-0.022821,0.133333
QUAGR,QUA GRANITE HAYAL YAPI,Stock,SERAMİK,-0.233001,0.032,0.106491,-0.066667
CIMSA,CIMSA CIMENTO,VIOP,ÇİMENTO,-0.236605,-0.084,0.024283,0.066667
ESEN,ESENBOGA ELEKTRIK,Stock,ELEKTRİK,-0.237572,0.272,-0.073303,0.2
DOFRB,DOF Robotik Sanayi Anonim Sirketi,Stock,,-0.239176,-0.217391,0.03289,0.066667
ADEL,ADEL KALEMCILIK,Stock,DİĞER,-0.24272,-0.168,0.018961,0.0
GLYHO,"GLOBAL YAT, HOLDING",Stock,HOLDİNGLER,-0.244647,0.048,0.070237,-0.333333
KRGYO,KORFEZ GMYO,Stock,GYO,-0.247995,-0.08,0.014091,0.066667
LKMNH,LOKMAN HEKIM SAGLIK,Stock,SAĞLIK VE İLAÇ,-0.249533,-0.084,-0.007484,0.2
EGEEN,EGE ENDUSTRI,Stock,OTOMOTİV PARÇASI,-0.250309,-0.124,-0.060396,-0.2
YEOTK,YEO TEKNOLOJI ENERJI,Stock,ELEKTRİK,-0.253496,-0.084,-0.102818,-0.133333
OSMEN,OSMANLI MENKUL,Stock,ARACI KURUMLAR,-0.25525,-0.116,0.024004,0.133333
ISBTR,IS BANKASI (B),Stock,BANKALAR,-0.25702,-0.128,0.020487,-0.133333
GEDZA,GEDIZ AMBALAJ,Stock,KAĞIT VE AMBALAJ,-0.257492,-0.08,-0.044648,-0.2
JANTS,JANTSA JANT SANAYI,Stock,OTOMOTİV PARÇASI,-0.259177,-0.18,-0.092614,-0.066667
ACSEL,ACIPAYAM SELULOZ,Stock,KİMYASAL ÜRÜNLER,-0.260572,-0.128,0.112814,0.0
KLYPV,KALYON GUNES TEKNOLOJILERI,Stock,ELEKTRİK,-0.261929,-0.0875,0.012502,0.066667
KNFRT,KONFRUT GIDA,Stock,GIDA VE HAYVANCILIK,-0.263402,-0.048,-0.003382,0.2
PNLSN,PANELSAN CATI CEPHE,Stock,İNŞAAT MALZEMELERİ,-0.26413,-0.052,0.080308,-0.2
BIENY,BIEN YAPI URUNLERI,Stock,SERAMİK,-0.264736,-0.092,-2.7e-05,0.066667
VRGYO,VERA KONSEPT GMYO,Stock,GYO,-0.267851,-0.068,0.008206,-0.133333
YIGIT,YIGIT AKU,Stock,OTOMOTİV PARÇASI,-0.2707,-0.068,-0.054854,-0.066667
OTKAR,OTOKAR,Stock,OTOMOTİV,-0.27282,-0.02,-0.052936,-0.133333
DERHL,DERLUKS YATIRIM HOLDING,Stock,TEKSTİL,-0.273337,-0.092,-0.034395,-0.2
ODAS,ODAS ELEKTRIK,VIOP,ELEKTRİK,-0.284267,-0.044,-0.020147,-0.0
SEGYO,SEKER GMYO,Stock,GYO,-0.284491,-0.088,0.179317,-0.266667
ALVES,ALVES KABLO,Stock,KABLO,-0.287967,-0.004,-0.278754,-0.333333
AKCNS,AKCANSA,Stock,ÇİMENTO,-0.288005,-0.056,0.076238,-0.2
OTTO,OTTO HOLDING,Stock,HOLDİNGLER,-0.288826,0.12,0.008914,-0.333333
KARSN,KARSAN OTOMOTIV,Stock,OTOMOTİV,-0.289471,-0.152,0.07691,-0.2
SNICA,SANICA ISI SANAYI,Stock,İNŞAAT MALZEMELERİ,-0.296755,-0.08,-0.002325,0.266667
KORDS,KORDSA TEKNIK TEKSTIL,Stock,TEKSTİL,-0.298271,-0.068,-0.014953,0.066667
TKNSA,TEKNOSA IC VE DIS TICARET,Stock,PERAKENDE,-0.299286,-0.116,-0.161754,-0.333333
RYSAS,REYSAS LOJISTIK,Stock,ULAŞTIRMA - LOJİSTİK,-0.29936,-0.14,-0.036795,-0.066667
GOLTS,GOLTAS CIMENTO,Stock,ÇİMENTO,-0.301205,-0.06,0.008124,-0.2
VAKKO,VAKKO TEKSTIL,Stock,PERAKENDE,-0.303116,-0.064,0.138202,-0.533333
CLEBI,CELEBI,Stock,ULAŞTIRMA - LOJİSTİK,-0.306243,-0.116,-0.006001,-0.066667
KRDMA,KARDEMIR (A),Stock,DEMİR ÇELİK,-0.307759,0.008,0.045525,0.266667
ORMA,ORMA ORMAN MAHSULLERI,Stock,MOBİLYA,-0.312187,-0.208,0.016439,0.066667
MAKIM,MAKIM MAKINE,Stock,DEMİR ÇELİK,-0.314298,-0.172,-0.018499,0.066667
TEZOL,EUROPAP TEZOL KAGIT,Stock,KAĞIT VE AMBALAJ,-0.316762,-0.092,0.156463,-0.6
KARTN,KARTONSAN,Stock,KAĞIT VE AMBALAJ,-0.317782,-0.076,-0.011188,0.066667
ERCB,ERCIYAS CELIK BORU,Stock,DEMİR ÇELİK,-0.323475,-0.048,-0.155428,-0.066667
TEHOL,"TERA YATIRIM TEK, HOL,",Stock,HOLDİNGLER,-0.33012,0.234375,0.02474,-0.2
KONYA,KONYA CIMENTO,Stock,ÇİMENTO,-0.330729,-0.1,-0.009419,-0.2
TRHOL,Tera Financial Investments Holding A.S.,Stock,,-0.333674,-0.347826,0.027625,0.333333
CMBTN,CIMBETON,Stock,ÇİMENTO,-0.335258,-0.168,0.009417,-0.266667
KRTEK,KARSU TEKSTIL,Stock,TEKSTİL,-0.335645,-0.044,-0.005054,-0.2
DGGYO,DOGUS GMYO,Stock,GYO,-0.33594,-0.208,0.008101,0.0
ADESE,ADESE GAYRIMENKUL,Stock,GYO,-0.349076,-0.0,-0.128871,0.133333
BIGEN,BIRLESIM GRUP ENERJI,Stock,ELEKTRİK,-0.358248,-0.044715,0.026089,0.2
BRKO,BIRKO MENSUCAT,Stock,TEKSTİL,-0.360074,-0.048,0.235457,-0.066667
SASA,SASA POLYESTER,VIOP,TEKSTİL,-0.363069,-0.092,-0.073456,-0.4
ARZUM,ARZUM EV ALETLERI,Stock,DAYANIKLI TÜKETİM,-0.363833,-0.008,-0.093601,-0.4
IHYAY,IHLAS YAYIN HOLDING,Stock,HOLDİNGLER,-0.365124,-0.128,-0.035931,-0.2
INTEK,INNOSA TEKNOLOJI,Stock,BOYA,-0.365314,-0.144,-0.006958,-0.0
MAVI,MAVI GIYIM,Stock,PERAKENDE,-0.36796,0.004,-0.087718,-0.2
EMNIS,EMINIS AMBALAJ,Stock,KAĞIT VE AMBALAJ,-0.377448,-0.144,0.015794,0.133333
VBTYZ,VBT YAZILIM,Stock,TEKNOLOJİ,-0.38341,-0.088,0.185011,-0.066667
A1CAP,A1 CAPITAL YATIRIM,Stock,ARACI KURUMLAR,-0.392784,-0.004,0.058177,0.066667
SMART,SMARTIKS YAZILIM,Stock,TEKNOLOJİ,-0.403702,-0.148,-0.029679,-0.066667
MEDTR,MEDITERA TIBBI MALZEME,Stock,SAĞLIK VE İLAÇ,-0.403947,-0.12,-0.004594,0.066667
QNBTR,QNB BANK,Stock,SINIFLANDIRMA DIŞI,-0.404232,-0.064,-0.048618,-0.2
KRONT,KRON TEKNOLOJI,Stock,TEKNOLOJİ,-0.406007,-0.116,-0.007805,0.066667
HKTM,HIDROPAR HAREKET KONTROL,Stock,OTOMOTİV PARÇASI,-0.4307,-0.132,-0.010999,-0.2
NATEN,NATUREL ENERJI,Stock,ELEKTRİK,-0.440761,-0.12,-0.048941,-0.2
PLTUR,PLATFORM TURIZM,Stock,ULAŞTIRMA - LOJİSTİK,-0.44437,-0.112,-0.119127,0.066667
ICUGS,ICU GIRISIM,Stock,GİRİŞİM SERMAYESİ,-0.444388,-0.132,0.11547,-0.133333
FORMT,FORMET METAL VE CAM,Stock,İNŞAAT MALZEMELERİ,-0.448784,-0.12,0.031545,0.066667
AHSGY,AHES GMYO,Stock,GYO,-0.464974,-0.04,-0.142322,-0.066667
BANVT,BANVIT,Stock,GIDA VE HAYVANCILIK,-0.47075,-0.108,-0.00604,-0.2
ALFAS,ALFA SOLAR ENERJI,Stock,ELEKTRİK,-0.474151,-0.1,0.000441,-0.2
VESBE,VESTEL BEYAZ ESYA,Stock,DAYANIKLI TÜKETİM,-0.476995,-0.148,-0.013381,-0.133333
TSPOR,TRABZONSPOR SPORTIF YATIRIM VE TICA,Stock,SPOR,-0.477171,-0.1,-0.088877,-0.266667
KONTR,KONTROLMATIK TEKNOLOJI,VIOP,ELEKTRİK,-0.478046,-0.18,-0.048692,-0.066667
DGNMO,DOGANLAR MOBILYA,Stock,MOBİLYA,-0.48222,-0.136,-0.04901,-0.133333
DYOBY,DYO BOYA,Stock,BOYA,-0.486008,-0.104,0.009492,-0.133333
AGROT,AGROTECH TEKNOLOJI,Stock,GIDA VE HAYVANCILIK,-0.489876,-0.112,-0.006386,0.2
BEGYO,BATI EGE GMYO,Stock,GYO,-0.491164,-0.02,-0.029196,-0.0
GZNMI,GEZINOMI SEYAHAT,Stock,TURİZM,-0.501749,0.028,0.315892,0.066667
PKENT,PETROKENT TURIZM,Stock,TURİZM,-0.503812,-0.104,0.070852,0.066667
SERNT,SERANIT GRANIT SERAMIK,Stock,SERAMİK,-0.530557,-0.093496,-0.044307,0.066667
ESCAR,ESCAR FILO,Stock,ULAŞTIRMA - LOJİSTİK,-0.531938,0.044,-0.073653,0.066667
MARKA,MARKA YATIRIM HOLDING,Stock,HOLDİNGLER,-0.53801,-0.26,-0.00281,0.066667
VESTL,VESTEL,VIOP,DAYANIKLI TÜKETİM,-0.543276,-0.108,-0.035666,-0.2
BMSCH,BMS CELIK HASIR,Stock,DEMİR ÇELİK,-0.545169,0.004,-0.067698,-0.2
ATEKS,AKIN TEKSTIL,Stock,TEKSTİL,-0.546523,-0.12,1.492105,-0.6
REEDR,REEDER TEKNOLOJI,Stock,BİLGİSAYAR DONATIM,-0.549603,-0.084,-0.051447,-0.066667
OZSUB,OZSU BALIK,Stock,GIDA VE HAYVANCILIK,-0.553743,-0.124,-0.000399,0.066667
SAFKR,SAFKAR EGE SOGUTMACILIK,Stock,DAYANIKLI TÜKETİM,-0.560598,0.112,-0.002028,-0.066667
TUKAS,TUKAS GIDA,Stock,GIDA VE HAYVANCILIK,-0.564368,-0.032,-0.075681,-0.133333
RAYSG,RAY SIGORTA,Stock,SİGORTA,-0.567254,-0.192,0.029936,0.066667
ETILR,ETILER GIDA,Stock,GIDA VE HAYVANCILIK,-0.571352,-0.196,-0.014551,0.066667
TNZTP,TAPDI TINAZTEPE,Stock,SAĞLIK VE İLAÇ,-0.578717,-0.0,-0.014402,0.066667
SUWEN,SUWEN TEKSTIL,Stock,PERAKENDE,-0.602845,-0.124,-0.110407,-0.333333
LIDER,LDR TURIZM,Stock,ULAŞTIRMA - LOJİSTİK,-0.605493,0.096,0.036008,0.066667
EYGYO,EYG GMYO,Stock,GYO,-0.60889,0.112,-0.159991,-0.266667
LINK,LINK BILGISAYAR,Stock,TEKNOLOJİ,-0.620382,-0.132,0.026036,-0.066667
KONKA,KONYA KAGIT,Stock,KAĞIT VE AMBALAJ,-0.627333,0.04,-0.054281,-0.066667
ORCAY,ORCAY ORTAKOY CAY SANAYI,Stock,GIDA VE HAYVANCILIK,-0.628676,-0.156,-0.080334,-0.266667
TUCLK,TUGCELIK,Stock,OTOMOTİV PARÇASI,-0.649699,-0.032,-0.120853,-0.266667
DAGI,DAGI GIYIM,Stock,TEKSTİL,-0.684705,-0.04,0.019679,-0.066667
YAPRK,"YAPRAK SUT VE BESI CIFT,",Stock,GIDA VE HAYVANCILIK,-0.700881,-0.2,0.186785,0.066667
OSTIM,OSTIM ENDUSTRIYEL YAT,Stock,HOLDİNGLER,-0.704985,-0.124,0.020344,0.0
EGEPO,NASMED EGEPOL,Stock,SAĞLIK VE İLAÇ,-0.70724,-0.144,0.118986,-0.266667
SAMAT,SARAY MATBAACILIK,Stock,KAĞIT VE AMBALAJ,-0.708089,-0.156,-0.025871,-0.2
BRKSN,BERKOSAN YALITIM,Stock,İNŞAAT MALZEMELERİ,-0.719221,-0.116,0.054936,-0.133333
FZLGY,FUZUL GMYO,Stock,GYO,-0.720865,0.06,-0.01656,-0.0
ULUFA,ULUSAL FAKTORING,Stock,FİNANSAL KİRALAMA VE FAKTORİNG,-0.745157,-0.004,0.049,-0.266667
SEKUR,SEKURO PLASTIK,Stock,KAĞIT VE AMBALAJ,-0.756236,-0.148,0.511702,-0.4
BJKAS,"BESIKTAS FUTBOL YAT,",Stock,SPOR,-0.77092,-0.128,-0.025167,-0.066667
RTALB,RTA LABORATUVARLARI,Stock,SAĞLIK VE İLAÇ,-0.778769,-0.056,-0.007561,0.133333
DURDO,DURAN DOGAN BASIM,Stock,KAĞIT VE AMBALAJ,-0.791945,-0.088,-0.045673,-0.2
DMRGD,DMR UNLU MAMULLER,Stock,GIDA VE HAYVANCILIK,-0.796037,0.016,0.105087,-0.2
PATEK,PASIFIK TEKNOLOJI,Stock,TEKNOLOJİ,-0.798781,-0.088,-0.008194,-0.066667
KOCMT,KOC METALURJI,Stock,DEMİR ÇELİK,-0.800306,-0.056,0.003693,-0.066667
FONET,FONET BILGI TEKNOLOJILERI,Stock,TEKNOLOJİ,-0.803217,-0.048,4.2e-05,0.2
MACKO,MACKOLIK INTERNET HIZMETLERI,Stock,DİĞER,-0.803856,-0.084,0.351211,-0.2
KBORU,KUZEY BORU,Stock,KİMYASAL ÜRÜNLER,-0.808587,-0.1,0.311033,-0.2
DCTTR,DCT TRADING DIS TICARET,Stock,PAZARLAMA,-0.827671,-0.092,0.024695,-0.066667
SMRTG,"SMART GUNES ENERJISI TEK,",Stock,ELEKTRİK,-0.828673,-0.148,-0.055074,-0.0
ALGYO,ALARKO GMYO,Stock,GYO,-0.831137,-0.024,-0.039771,-0.266667
SANFM,SANIFOAM ENDUSTRI,Stock,İNŞAAT MALZEMELERİ,-0.845263,-0.188,-0.033856,-0.066667
YGYO,YESIL GMYO,Stock,GYO,-0.852913,-0.144,-0.468559,-0.6
BORLS,BORLEASE OTOMOTIV,Stock,ULAŞTIRMA - LOJİSTİK,-0.86663,-0.08,0.007418,0.266667
SELVA,SELVA GIDA,Stock,GIDA VE HAYVANCILIK,-0.871544,-0.072,-0.130029,-0.2
SODSN,SODAS SODYUM SANAYII,Stock,KİMYASAL ÜRÜNLER,-0.881846,-0.112,-0.104407,-0.4
OBAMS,OBA MAKARNACILIK,Stock,GIDA VE HAYVANCILIK,-0.895605,-0.104,-0.058523,-0.2
AZTEK,AZTEK TEKNOLOJI,Stock,BİLGİSAYAR DONATIM,-0.911273,-0.044,-0.004409,0.133333
KFEIN,KAFEIN YAZILIM,Stock,TEKNOLOJİ,-0.919602,-0.036,0.083367,-0.133333
MEKAG,MEKA GLOBAL MAKINE,Stock,İNŞAAT MALZEMELERİ,-0.935551,-0.008,0.088113,-0.066667
TUREX,TUREKS TURIZM TASIMACILIK,Stock,ULAŞTIRMA - LOJİSTİK,-0.949689,-0.072,-0.001363,0.2
ENERY,ENERYA ENERJI,Stock,ELEKTRİK,-0.963117,0.088,0.002815,-0.133333
BINHO,"1000 YATIRIMLAR HOL,",Stock,HOLDİNGLER,-0.972311,-0.132,0.052754,0.066667
SRVGY,SERVET GMYO,Stock,GYO,-0.98551,-0.084,-0.037659,-0.066667
YBTAS,YIBITAS INSAAT MALZEME,Stock,İNŞAAT MALZEMELERİ,-0.999841,-0.208,0.009819,-0.066667
CASA,CASA EMTIA PETROL,Stock,PERAKENDE,-7.330723,-0.104,-0.006819,-0.266667
